symbol_day,symbol,day,quoted_half_spread_bps,bid_depth_lots,ask_depth_lots,touch_notional_usd,fill_rate_ceiling,n_posts,n_fills,earn_half_spread_bps_mean,net_per_fill_bps_mean,net_per_fill_bps_median,realized_adverse_bps_mean
AAPL|2024-12-12,AAPL,2024-12-12,0.20181227422233466,3.0,3.0,110681.99999999999,0.8025160218371706,4213,3381,0.3009978441199986,-0.13617096278565086,-0.000016503752688402126,0.4371688069056494
AAPL|2025-01-10,AAPL,2025-01-10,0.6339412125182499,3.0,3.0,94452.0,0.844409519533004,4454,3761,0.6176402399820646,-0.1505416852738662,-0.00004022468795577454,0.7681819252559308
AAPL|2025-02-06,AAPL,2025-02-06,0.43140638481471594,2.0,3.0,69975.0,0.8099536472310319,4099,3320,0.4828429203591746,0.19454243448807548,0.21598972052640641,0.28830048587109913
AAPL|2025-03-05,AAPL,2025-03-05,0.860696303309206,2.0,2.0,47212.0,0.8341431095406361,4528,3777,0.9379540700307681,0.07507206043489026,0.4252966382533995,0.8628820095958779
AAPL|2025-03-31,AAPL,2025-03-31,0.6797018374606597,2.0,2.0,43944.0,0.8265193370165745,4525,3740,0.639972433961776,0.42592965435683877,0.4533913711566291,0.21404277960493728
AAPL|2025-04-25,AAPL,2025-04-25,0.7224563515947674,2.0,1.0,31308.750000000004,0.8073499201095641,4381,3537,0.828615758396573,0.2993157527260194,0.47846889952109595,0.5293000056705536
AAPL|2025-05-21,AAPL,2025-05-21,0.48576702613451445,2.0,2.0,41040.0,0.8806855636123929,4551,4008,0.45622456356437,-0.4610035399030426,-0.49403760838391675,0.9172281034674126
AAPL|2025-06-17,AAPL,2025-06-17,0.5060728744941859,2.0,2.0,39537.0,0.8473040326234708,4414,3740,0.44576343399062063,-0.22274245247031002,-0.2532190664973205,0.6685058864609307
AAPL|2025-07-15,AAPL,2025-07-15,0.4745859237817435,2.0,2.0,42191.99999999999,0.8476491862567812,4424,3750,0.45690119746359426,-0.25342722178583105,-0.2372873281570089,0.7103284192494252
AAPL|2025-08-08,AAPL,2025-08-08,0.4516303856925804,2.0,2.0,56239.99999999999,0.840638345695662,4449,3740,0.5606305386620727,0.9311327131256869,0.6776127817468436,-0.3705021744636142
AAPL|2025-09-04,AAPL,2025-09-04,0.420380023540899,2.0,2.0,47765.0,0.8236144578313253,4150,3418,0.44142162003914254,0.2075399278116932,0.2095250105793917,0.23388169222744934
AAPL|2025-09-30,AAPL,2025-09-30,0.3941197335752617,3.0,2.0,63547.5,0.8194377120698012,4126,3381,0.4762707508587877,0.03928111043747591,0.1962323384858402,0.4369896404213118
AAPL|2025-10-24,AAPL,2025-10-24,0.568752725272958,3.0,2.0,65908.125,0.8224823213850281,4101,3373,0.5500291212270952,0.481023681460126,0.3826835675759229,0.06900543976696927
AAPL|2025-11-19,AAPL,2025-11-19,0.5560601286347374,200.0,200.0,6748375.0,0.8472830850131463,4564,3867,0.624420561189484,0.28391759609710526,0.1852057630970219,0.3405029650923787
AAPL|2025-12-16,AAPL,2025-12-16,0.5503072548834764,200.0,200.0,5477700.0,0.8098216353949502,4317,3496,0.649856440257074,0.37359446664212453,0.3641378807725022,0.2762619736149495
AAPL|2026-01-13,AAPL,2026-01-13,0.386025863732519,200.0,200.0,5218700.0,0.8213276836158192,4248,3489,0.505105360076756,-0.06234510226974108,0.19136191901925964,0.5674504623464971
AAPL|2026-02-09,AAPL,2026-02-09,0.5488976305924355,200.0,200.0,5465200.0,0.8426913053778725,4221,3557,0.5914870993383148,0.23662961590871276,0.18379650001769962,0.354857483429602
AAPL|2026-03-06,AAPL,2026-03-06,0.5845332501991839,200.0,200.0,5124100.000000001,0.844078947368421,4560,3849,0.6490771159358398,0.39557237612006474,0.19501920939194775,0.2535047398157751
AAPL|2026-04-01,AAPL,2026-04-01,0.5876246253893237,200.0,100.0,3828750.0,0.830588766072637,4433,3682,0.5142677022603146,0.14923999429241985,0.19726978554515356,0.36502770796789474
AAPL|2026-04-28,AAPL,2026-04-28,0.5527203051011057,200.0,200.0,5408299.999999999,0.8218678815489749,4390,3608,0.47933997045065885,0.22525112460696362,0.1846858440756155,0.25408884584369523
AAPL|2026-05-22,AAPL,2026-05-22,0.3217710277372845,120.0,120.0,4325790.0,0.8461196353124305,4497,3805,0.28382557525087493,-0.08427260558441832,-0.16175209864869727,0.3680981808352932
AMD|2024-12-12,AMD,2024-12-12,1.1505273250229229,3.0,3.0,52228.0,0.7801331032782844,4057,3165,1.1188105903276038,-0.3350619180713101,-0.38195632044744837,1.453872508398914
AMD|2025-01-10,AMD,2025-01-10,0.8667764583512187,3.0,3.0,40586.0,0.8454160160606736,4483,3790,0.9711698362763583,-0.5652616831000704,-0.00007595082572894429,1.5364315193764289
AMD|2025-02-06,AMD,2025-02-06,0.45547711227534116,3.0,3.0,44020.00000000001,0.8401384083044983,4335,3642,0.6623567308372748,-0.9950218151922906,-0.45511433735304085,1.6573785460295654
AMD|2025-03-05,AMD,2025-03-05,1.4868414531397698,2.0,2.0,29773.5,0.8136890443909905,4573,3721,1.457904811967824,0.5963283768012179,0.9967108541817119,0.8615764351666061
AMD|2025-03-31,AMD,2025-03-31,0.9865824782956901,2.0,2.0,20323.0,0.8291974066621954,4473,3709,1.0441166160309125,0.45628792915976824,0.9778755659178495,0.5878286868711443
AMD|2025-04-25,AMD,2025-04-25,1.0400416016638596,2.0,2.0,23693.75,0.8411446597566471,4438,3733,0.9233016910496575,0.9537498760854457,1.0394740268438003,-0.030448185035788167
AMD|2025-05-21,AMD,2025-05-21,0.8646779074792919,2.0,2.0,28122.500000000004,0.8758404303003138,4462,3908,0.7162866728478829,-0.695812420628647,-0.00007836332182498574,1.41209909347653
AMD|2025-09-30,AMD,2025-09-30,0.9364172675344488,2.0,2.0,31962.0,0.7890743550834598,3954,3120,1.0991032225487372,0.6152173401660171,0.6247367310767943,0.48388588238272
AMD|2025-10-24,AMD,2025-10-24,1.1973657952504944,2.0,2.0,50094.0,0.8084643288996373,4135,3343,1.3224395810377352,0.6118580278208992,0.19870416514956868,0.710581553216836
AMD|2025-11-19,AMD,2025-11-19,2.497105627568356,100.0,100.0,3407850.0,0.7910588235294118,4250,3362,2.572007522045144,-0.25259582395049973,-0.000581211783023288,2.824603345995644
AMD|2025-12-16,AMD,2025-12-16,2.1583251396916814,100.0,200.0,3133424.9999999995,0.769501625135428,3692,2841,2.1582747830172218,1.1975336621338835,1.196951083928312,0.9607411208833383
AMD|2026-01-13,AMD,2026-01-13,1.35605478461335,100.0,100.0,3325650.0,0.8032042085126734,4182,3359,1.4201171957769263,0.3551150924553648,0.68453547917959,1.0650021033215615
AMD|2026-02-09,AMD,2026-02-09,1.622511183737644,100.0,100.0,3243150.0,0.7825413223140496,3872,3030,1.7836584623802563,2.3109199785620813,1.3822632068909428,-0.527261516181825
AMD|2026-03-06,AMD,2026-03-06,1.7866714311236422,300.0,300.0,4899312.5,0.7786019330186559,4449,3464,2.0081255918180543,0.14488524468632438,-0.25350733044743323,1.8632403471317298
AMD|2026-04-01,AMD,2026-04-01,0.7161613754379893,300.0,400.0,7402325.0,0.8556928508384819,4532,3878,0.9290991979120704,0.24270909933568877,-0.00028563718250132985,0.6863900985763817
AMD|2026-04-28,AMD,2026-04-28,2.511064377413368,100.0,100.0,4860675.0,0.7729714447271699,3537,2734,2.649753153796044,1.6723560964095803,1.545074247741479,0.9773970573864637
AMD|2026-05-22,AMD,2026-05-22,2.6626620229840987,200.0,200.0,9355600.0,0.7307580598315423,3443,2516,2.815238080802769,0.7303862399654321,1.0686973638189585,2.0848518408373367
AMD|2026-06-18,AMD,2026-06-18,2.8188335669185514,200.0,200.0,8008049.999999999,0.7240394600207685,3852,2789,3.009310288293449,2.2939490542588756,2.704680143233132,0.7153612340345732
AMZN|2024-12-12,AMZN,2024-12-12,0.6546930580712991,3.0,2.0,102901.5,0.7980295566502463,3857,3078,0.6906440977939295,-0.26163976574594827,-0.00004303775452392609,0.9522838635398778
AMZN|2025-01-10,AMZN,2025-01-10,0.6855105911386591,2.0,2.0,43600.5,0.8442028985507246,4416,3728,0.7207450590118554,-0.1711064794342306,0.23000666362020708,0.891851538446086
AMZN|2025-02-06,AMZN,2025-02-06,0.42181634116527256,2.0,2.0,47684.0,0.8296741391264155,4327,3590,0.5509622532901617,0.05453101409307584,0.21058838319852782,0.49643123919708587
AMZN|2025-03-05,AMZN,2025-03-05,0.9631127805070901,2.0,2.0,72068.5,0.8432656625191006,4581,3863,0.9663240501221497,0.6598929292975633,1.1955773210343306,0.30643112082458646
AMZN|2025-03-31,AMZN,2025-03-31,0.7984881956828707,2.0,2.0,37348.0,0.8322995126273814,4514,3757,0.8468797679611061,0.5517583266219883,0.5311520688368251,0.2951214413391178
AMZN|2025-04-25,AMZN,2025-04-25,0.7992114447079185,2.0,2.0,37423.0,0.8080035971223022,4448,3594,0.8417095024832781,0.289192633475013,0.7920304232900455,0.5525168690082651
AMZN|2025-05-21,AMZN,2025-05-21,0.7384251852216785,2.0,2.0,40300.0,0.8558558558558559,4551,3895,0.6429094586854297,0.2832966471169664,0.49171460884058144,0.3596128115684633
AMZN|2025-06-17,AMZN,2025-06-17,0.46511627906934444,2.0,2.0,43349.0,0.8469662921348314,4450,3769,0.5736459450734667,0.053582118287954714,-0.000021304070693773194,0.520063826785512
AMZN|2025-07-15,AMZN,2025-07-15,0.44111160123533816,2.0,2.0,45368.0,0.8531200720883082,4439,3787,0.41030362716767455,0.14769689422269874,0.4408199250614646,0.26260673294497583
AMZN|2025-08-08,AMZN,2025-08-08,0.6723894479682887,2.0,2.0,55595.0,0.816751269035533,3940,3218,0.5883910478938827,0.21129115673944554,0.44927161844495567,0.3770998911544372
AMZN|2025-09-04,AMZN,2025-09-04,0.4269125683062293,2.0,2.0,47093.0,0.8578209764918626,4424,3795,0.4464093679167825,0.16903652037664976,0.21331513044200828,0.2773728475401327
AMZN|2025-09-30,AMZN,2025-09-30,0.4563292872138869,3.0,3.0,65630.25,0.8339848240974936,4349,3627,0.4459957950526748,-0.015445267590150292,0.4552645656792577,0.4614410626428251
AMZN|2025-10-24,AMZN,2025-10-24,0.4470872267181613,2.0,2.0,44958.00000000001,0.8144884973078805,4086,3328,0.5629756893710103,0.1689929898707439,0.22281639884417864,0.3939826995002664
AMZN|2025-11-19,AMZN,2025-11-19,0.9010632546402967,200.0,200.0,3342600.0,0.8448961555457357,4526,3824,0.8261204342480017,0.23769469661176723,0.45262692284032796,0.5884257376362345
AMZN|2025-12-16,AMZN,2025-12-16,0.6731740154830279,200.0,200.0,4452200.0,0.8388550822627902,4437,3722,0.6484126612835812,0.25442542420651976,0.2245273689824579,0.39398723707706146
AMZN|2026-01-13,AMZN,2026-01-13,0.6147415011987692,200.0,200.0,4815450.0,0.8451717734447539,4308,3641,0.6117817812753207,-0.44421719094104756,-0.2069365097516274,1.0559989722163683
AMZN|2026-02-09,AMZN,2026-02-09,0.4760317989244117,200.0,200.0,5222875.0,0.8556537502832541,4413,3776,0.479862507161676,0.2564523382117154,0.2378234751228383,0.22341016894996057
AMZN|2026-03-06,AMZN,2026-03-06,0.6976906439684908,200.0,200.0,5370000.0,0.8707141297226468,4579,3987,0.7206863175406831,-0.23336399449286657,-0.46525151811129345,0.9540503120335497
AMZN|2026-04-01,AMZN,2026-04-01,0.472790884591987,200.0,200.0,4259600.0,0.8672353455818023,4572,3965,0.5063896635053761,0.028352470968717174,-0.000022003243885378946,0.4780371925366589
AMZN|2026-04-28,AMZN,2026-04-28,0.3857131836762673,200.0,200.0,5195100.0,0.8607707730006683,4489,3864,0.441843464814994,0.3340750851816779,0.3846819609115019,0.10776837963331609
AMZN|2026-05-22,AMZN,2026-05-22,0.5611357387346897,200.0,200.0,5352100.0,0.8213533130414423,4271,3508,0.6740733202584944,-0.07941807246690175,-0.00005571249207439845,0.7534913927253961
AMZN|2026-06-18,AMZN,2026-06-18,0.8221655841484841,200.0,200.0,3683775.0,0.7903625309614951,4441,3510,0.8451902123231538,0.6682950324445168,0.41168781656031206,0.176895179878637
AVGO|2024-12-12,AVGO,2024-12-12,1.3945056477481903,2.0,2.0,44495.0,0.7371777836832315,3763,2774,1.5232757483648254,0.05976762178161888,0.2777917692039369,1.4635081265832064
AVGO|2025-01-10,AVGO,2025-01-10,2.698812522490207,2.0,2.0,44846.0,0.7036924015868172,3277,2306,2.9572001900835554,0.3227966213652642,0.8943888412894843,2.634403568718291
AVGO|2025-02-06,AVGO,2025-02-06,2.17249619813153,1.0,1.0,34629.75,0.7009708737864078,3090,2166,2.246920217312924,0.5549820868304527,0.8626923596008045,1.6919381304824712
AVGO|2025-03-05,AVGO,2025-03-05,3.1374189500105767,3.0,2.0,48033.75,0.7358634742740703,3926,2889,3.230905390559133,1.7705118663958324,1.5718875424811651,1.4603935241633006
AVGO|2025-03-31,AVGO,2025-03-31,1.8220467658670596,2.0,2.0,32889.0,0.7682625863770978,4052,3113,1.9000189180932276,1.75086119322955,2.115113980143532,0.14915772486367773
AVGO|2025-04-25,AVGO,2025-04-25,2.922578247453725,2.0,1.0,28838.625,0.6541159099298635,2709,1772,3.0831665490281464,1.240521091796767,1.0420459675053304,1.8426454572313793
AVGO|2025-05-21,AVGO,2025-05-21,2.1828341919152785,2.0,2.0,45827.0,0.7305352798053528,3288,2402,2.32694006462182,0.7266843057763698,1.4957994287787413,1.6002557588454502
AVGO|2025-06-17,AVGO,2025-06-17,1.7916509067744988,2.0,2.0,50029.0,0.7429760665972945,2883,2142,1.784825330419025,-0.1540137577284428,-0.000253802442415303,1.9388390881474677
AVGO|2025-07-15,AVGO,2025-07-15,2.1263777155616213,2.0,1.0,42309.0,0.706369982547993,2292,1619,2.134647873260815,0.6776562285172806,1.2441505887917765,1.4569916447435345
AVGO|2025-08-08,AVGO,2025-08-08,2.131671722554652,2.0,1.0,46023.75,0.6885474860335196,2148,1479,2.2370238301038,0.4250328444112374,0.16399079121098578,1.8119909856925627
AVGO|2025-09-04,AVGO,2025-09-04,1.6307095221469086,1.0,1.0,45837.0,0.7296387017758726,3266,2383,1.7448171480489125,0.3821881719994277,0.3265837576515895,1.3626289760494847
AVGO|2025-09-30,AVGO,2025-09-30,2.4266690933361397,1.0,1.0,49044.37500000001,0.6937471474212689,2191,1520,2.449300892366073,1.714450491753534,2.1499338555369993,0.7348504006125391
AVGO|2025-10-24,AVGO,2025-10-24,2.1210107323147875,2.0,1.0,70513.00000000001,0.6817256817256817,2457,1675,2.2344928448854016,1.3687307025773798,1.1231991381661954,0.8657621423080217
AVGO|2025-11-19,AVGO,2025-11-19,2.288231340656459,40.0,80.0,2150460.0,0.745658835546476,3916,2920,2.3543777002756348,2.0860965088417993,2.152505878993569,0.26828119143383544
AVGO|2025-12-16,AVGO,2025-12-16,1.319667443804628,80.0,120.0,4063050.0000000005,0.8111888111888111,4147,3364,1.3832575260109798,-0.7212266246181621,-0.8810790483663669,2.104484150629142
AVGO|2026-01-13,AVGO,2026-01-13,1.4090460758061982,80.0,80.0,2872760.0,0.7561436672967864,3174,2400,1.5983444590818,0.36278472036271175,-0.00007152921655578424,1.2355597387190882
AVGO|2026-02-09,AVGO,2026-02-09,1.5829387978301313,80.0,80.0,3460449.9999999995,0.7574180114523685,3842,2910,1.7874319688509817,0.7936137513349022,0.28725516930934714,0.9938182175160795
AVGO|2026-03-06,AVGO,2026-03-06,2.0485206754263316,80.0,80.0,3354550.0,0.7842066054134591,4027,3158,2.104712168077126,0.10742228997230656,-0.15140639295430508,1.9972898781048196
AVGO|2026-04-01,AVGO,2026-04-01,1.7461703309779633,120.0,80.0,6282300.0,0.7520020666494446,3871,2911,1.753537786334312,0.654655056867542,0.4774382897892726,1.09888272946677
AVGO|2026-04-28,AVGO,2026-04-28,1.1289371683743932,80.0,80.0,3964675.0000000005,0.7981088678763097,3913,3123,1.270111239288289,-0.04209552376124011,-0.5038735169563038,1.312206763049529
AVGO|2026-05-22,AVGO,2026-05-22,1.9398171722318205,80.0,80.0,3316720.0000000005,0.7170319108035371,2601,1865,2.134874439678524,0.6498226624898721,0.3626161255005752,1.485051777188652
AVGO|2026-06-18,AVGO,2026-06-18,1.7149717029667337,80.0,80.0,3270120.0,0.7443609022556391,3990,2970,1.83780255329243,1.03734109043435,1.341268572339755,0.80046146285808
GOOGL|2024-12-12,GOOGL,2024-12-12,0.7711091119393687,3.0,3.0,68129.25,0.8029090909090909,4125,3312,0.71218935345823,-0.6911826831078647,-0.000059468571834227126,1.4033720365660947
GOOGL|2025-01-10,GOOGL,2025-01-10,0.5203996669437398,2.0,2.0,38694.0,0.8565382044998886,4489,3845,0.6230341613878506,-0.2931374426317855,-6.67677664184166e-6,0.9161716040196362
GOOGL|2025-02-06,GOOGL,2025-02-06,0.5243013684268398,2.0,3.0,57255.00000000001,0.8121667474551624,4126,3351,0.5785499319348929,-0.04412387191342425,0.26215068277006826,0.6226738038483172
GOOGL|2025-03-05,GOOGL,2025-03-05,0.8769109350793935,2.0,2.0,34608.5,0.842197417377982,4569,3848,0.9112753828575386,0.41246643278817546,0.5882309213400206,0.49880895006936316
GOOGL|2025-03-31,GOOGL,2025-03-31,0.6489292667102605,2.0,2.0,38376.25,0.8599033816425121,4554,3916,0.5767191075413298,0.19894841610433978,-0.000010872460721616823,0.37777069143699005
GOOGL|2025-04-25,GOOGL,2025-04-25,0.6187735907434636,2.0,2.0,32720.000000000004,0.842010367365337,4437,3736,0.763250455742607,-0.819988709982039,-0.6148028839608115,1.5832391657246458
GOOGL|2025-05-21,GOOGL,2025-05-21,0.5805515239472223,2.0,2.0,34202.0,0.8810822605280384,4583,4038,0.4577104590819914,-0.09060134850882845,-0.2961252970966505,0.5483118075908199
GOOGL|2025-06-17,GOOGL,2025-06-17,0.5648441030278533,2.0,2.0,44032.5,0.8578442311983933,4481,3844,0.4471566497469773,0.0279266347743175,-7.968792434290782e-6,0.41923001497265977
GOOGL|2025-07-15,GOOGL,2025-07-15,0.2742957456727351,2.0,2.0,45700.0,0.8531484428279155,4399,3753,0.4201858196010819,-0.02490848737078711,-7.441329385263218e-6,0.445094306971869
GOOGL|2025-08-08,GOOGL,2025-08-08,0.49788399302987874,2.0,2.0,50245.00000000001,0.8417127736348328,4157,3499,0.5659428343578493,0.27935494949851547,-0.000024795019204262836,0.28658788485933384
GOOGL|2025-09-04,GOOGL,2025-09-04,0.4336137368827901,2.0,2.0,46059.0,0.8582875457875457,4368,3749,0.3778537829601032,0.2389962815688159,0.43828411773150655,0.1388575013912873
GOOGL|2025-09-30,GOOGL,2025-09-30,0.41583499667353274,2.0,2.0,48294.0,0.8473840530043408,4377,3709,0.515169484286621,0.33583024271260115,0.8276047572554553,0.17933924157401987
GOOGL|2025-10-24,GOOGL,2025-10-24,0.7654037504787691,2.0,1.0,39183.75,0.8322776792500634,3947,3285,0.6821007624210977,0.46353116774908704,0.38387715478649154,0.2185695946720107
GOOGL|2025-11-19,GOOGL,2025-11-19,1.019922485891111,200.0,200.0,4545674.999999999,0.8533604887983707,4419,3771,1.0449514727812823,-0.0980108470551525,-0.00007256800488346588,1.142962319836435
GOOGL|2025-12-16,GOOGL,2025-12-16,0.6558667278802981,100.0,100.0,4581149.999999999,0.844004400440044,4545,3836,0.6882105983975283,0.2519083380741544,0.16393171678035412,0.4363022603233739
GOOGL|2026-01-13,GOOGL,2026-01-13,0.5961429550800862,200.0,200.0,6703800.0,0.8388838883888389,4444,3728,0.6808774772030852,-0.22010450055246897,-0.00003542671191085066,0.9009819777555542
GOOGL|2026-02-09,GOOGL,2026-02-09,0.4616023757140151,200.0,100.0,4877325.0,0.8497652582159625,4473,3801,0.515909813289135,-0.007660312146655236,-0.3072975460855295,0.5235701254357902
GOOGL|2026-03-06,GOOGL,2026-03-06,0.4997751012040035,100.0,100.0,4478850.000000001,0.8953437771975631,4596,4115,0.477708301115295,0.2650141304176908,-0.000011165756297600656,0.2126941706976042
GOOGL|2026-04-01,GOOGL,2026-04-01,0.33664366268274376,200.0,100.0,5924400.000000001,0.8740140227870289,4564,3989,0.385603928876821,0.09726842011255407,-0.000011092985173350432,0.28833550876426695
GOOGL|2026-04-28,GOOGL,2026-04-28,0.4294733225483904,100.0,100.0,5238825.0,0.833945796968305,4354,3631,0.5179267782313577,0.0719435075512643,-8.181254167610199e-6,0.44598327068009336
GOOGL|2026-05-22,GOOGL,2026-05-22,0.647995749148033,80.0,80.0,3856300.0,0.81715471524095,4337,3544,0.6863812458704268,-0.003133715748670369,-0.1295554970119136,0.6895149616190972
GOOGL|2026-06-18,GOOGL,2026-06-18,0.6816539651804955,80.0,80.0,2940120.0,0.811965811965812,4446,3610,0.7408345199761951,0.277063095992704,0.40748875795284256,0.4637714239834911
META|2024-12-12,META,2024-12-12,2.2939589776850284,6.0,3.0,222108.25,0.5834358343583436,2439,1423,2.313288857982437,1.069444435337984,0.6346863951337594,1.2438444226444532
META|2025-01-10,META,2025-01-10,2.3895256379627834,6.0,3.0,218172.49999999997,0.7019386106623586,3714,2607,2.448482085632903,-0.055471763637697756,0.08018460042168304,2.5039538492706006
META|2025-02-06,META,2025-02-06,1.9803660848168614,6.0,3.0,251210.75,0.6531065088757396,2704,1766,2.027243908660601,0.5338701125414622,0.7709169457243492,1.4933737961191387
META|2025-03-05,META,2025-03-05,3.7967131312036284,1.0,2.0,98457.0,0.6535269709543569,2892,1890,3.8580777338230208,2.729721700452695,3.1428066057759696,1.1283560333703258
META|2025-03-31,META,2025-03-31,1.6649141256102673,1.0,1.0,57515.5,0.7938445210931282,3769,2992,1.7167135453654483,1.768179088780622,2.0059153869522497,-0.05146554341517362
META|2025-04-25,META,2025-04-25,2.386196769456598,1.0,1.0,81660.75,0.6605080831408776,3031,2002,2.422919126427499,0.6964008449043065,1.3858427334229697,1.7265182815231923
META|2025-05-21,META,2025-05-21,2.134623605513394,1.0,1.0,95043.75,0.7319911921988047,3179,2327,2.166316878142387,1.1518949755199526,0.7098465175577442,1.0144219026224344
META|2025-06-17,META,2025-06-17,1.7186560109994635,2.0,1.0,105083.25000000001,0.7059304703476482,2445,1726,1.7607830408169896,0.5311237110469648,0.7125439671967002,1.229659329770025
META|2025-07-15,META,2025-07-15,1.8173938572094939,1.0,1.0,107536.5,0.6826795945350375,2269,1549,1.9035341486902753,-0.032589216902720104,-0.28047780894258056,1.9361233655929955
META|2025-08-08,META,2025-08-08,1.9594012069915892,1.0,1.0,114800.25,0.6357039187227866,2067,1314,1.9503404085264882,1.7038471217585727,1.5597909797582235,0.2464932867679155
META|2025-09-04,META,2025-09-04,1.8734109460731059,1.0,1.0,112276.5,0.6548748921484038,2318,1518,2.01216975648232,-0.1460534276257924,0.33407177878444305,2.1582231841081123
META|2025-09-30,META,2025-09-30,1.9886032462231187,1.0,1.0,109847.25000000001,0.6619822485207101,2704,1790,2.072731168271899,0.8846751089775206,1.365119460044776,1.1880560592943787
META|2025-10-24,META,2025-10-24,1.9043732575105883,1.0,2.0,110626.5,0.5928764652840397,2218,1315,1.9998369743599238,0.828618460113464,0.8800011657395577,1.1712185142464597
META|2025-11-19,META,2025-11-19,1.4527555354255213,80.0,80.0,4695480.0,0.7675200413757435,3867,2968,1.4690309709782066,0.564005431826065,0.3410139347393517,0.9050255391521416
META|2025-12-16,META,2025-12-16,1.2969673850854302,80.0,80.0,5252100.0,0.719281663516068,3174,2283,1.3410425350620843,1.288460515078764,1.6158563545500595,0.05258201998332024
META|2026-01-13,META,2026-01-13,1.2733987011339765,80.0,80.0,6269100.0,0.7422480620155039,3096,2298,1.35665323081143,0.1276979991670835,0.3976544354873648,1.2289552316443466
META|2026-02-09,META,2026-02-09,1.2487971145437782,80.0,80.0,5446680.0,0.7135448444173277,3278,2339,1.4579986948601493,0.86800900773566,1.2675288510855642,0.5899896871244893
META|2026-03-06,META,2026-03-06,2.091223830658081,80.0,80.0,5175760.0,0.7244291523303097,3197,2316,2.120072671464659,1.7272455531720523,1.0833969522233833,0.39282711829260664
META|2026-04-01,META,2026-04-01,1.3746531149792394,80.0,80.0,4686560.0,0.7645317545748116,3716,2841,1.467251734104816,-0.1901580170989515,-0.0002678313861583523,1.6574097512037673
META|2026-04-28,META,2026-04-28,1.2647209802328505,80.0,80.0,5343240.0,0.7205226258763544,3138,2261,1.3452824049688765,0.7200960790922011,0.8182674507361011,0.6251863258766754
META|2026-05-22,META,2026-05-22,1.3941168269897664,80.0,80.0,4876460.0,0.6980273141122914,2636,1840,1.4492305110669879,0.20648228945024374,0.12274725278398194,1.242748221616744
META|2026-06-18,META,2026-06-18,1.3994087498029297,80.0,80.0,4619160.0,0.7405534067241892,3361,2489,1.528951914233437,0.6852659955927711,0.524102113749292,0.8436859186406658
MSFT|2024-12-12,MSFT,2024-12-12,1.1056809889206993,3.0,3.0,158700.49999999997,0.6890064667842446,3402,2344,1.1600982512495535,-0.3546997481332915,-0.11075104584922114,1.514797999382845
MSFT|2025-01-10,MSFT,2025-01-10,1.5586221779945981,7.0,2.0,168228.0,0.7008903728436283,3594,2519,1.6265327793069153,0.3854341958707134,0.35752023925658116,1.2410985834362018
MSFT|2025-02-06,MSFT,2025-02-06,0.8391574858840904,1.0,2.0,62679.75,0.7200220022002201,3636,2618,0.8168295279988019,0.015969854897098547,0.23982823520848595,0.8008596731017034
MSFT|2025-03-05,MSFT,2025-03-05,1.3732662513578313,2.0,2.0,99572.49999999999,0.7262158956109134,4215,3061,1.3946702074013262,1.1422028428902027,1.2488931704356847,0.2524673645111235
MSFT|2025-03-31,MSFT,2025-03-31,1.2127255332627953,1.0,2.0,56164.5,0.7382761330888132,3817,2818,1.2309867519868396,0.6748068827284917,0.542588901529391,0.556179869258348
MSFT|2025-04-25,MSFT,2025-04-25,1.548267230923383,1.0,1.0,58210.5,0.6632157877709479,3091,2050,1.6007925818354598,0.5258198064638574,0.7721568931393727,1.0749727753716023
MSFT|2025-05-21,MSFT,2025-05-21,1.2048324735212175,1.0,1.0,68112.75,0.7295017136831005,3793,2767,1.2133437324182803,0.43086223505760185,0.32881984206263093,0.7824814973606784
MSFT|2025-06-17,MSFT,2025-06-17,0.9435841519796919,1.0,1.0,71463.75,0.7082926829268292,3075,2178,0.9716191918274227,0.8223511244457787,1.04759105324626,0.149268067381644
MSFT|2025-07-15,MSFT,2025-07-15,0.5918560606060831,1.0,1.0,76018.5,0.7579908675799086,3285,2490,0.6081553899901785,0.45948530028161266,0.393718225661888,0.14867008970856582
MSFT|2025-08-08,MSFT,2025-08-08,0.47949212194400037,2.0,1.0,78477.74999999999,0.7449225473321859,2905,2164,0.5472403475076248,-0.2806898107666765,-0.00005161206637913703,0.8279301582743013
MSFT|2025-09-04,MSFT,2025-09-04,0.7882394671499633,2.0,2.0,100711.0,0.7293283833952076,2963,2161,0.7573591197828734,0.23030898880729783,0.39403432038782754,0.5270501309755755
MSFT|2025-09-30,MSFT,2025-09-30,0.6805300356797037,1.0,1.0,77286.0,0.7567716970702045,3618,2738,0.7216200927054042,0.6031694813738026,0.6812683379830379,0.11845061133160162
MSFT|2025-10-24,MSFT,2025-10-24,1.1440120502603062,2.0,1.0,104442.5,0.692156862745098,2550,1765,1.1709194770471831,0.7296546995554872,1.238340184887202,0.4412647774916959
MSFT|2025-11-19,MSFT,2025-11-19,0.8238080527235515,80.0,80.0,3884560.0,0.8209379441023211,4222,3466,0.8445947188419259,-0.2653865473152771,-0.0000320995762749285,1.109981266157203
MSFT|2025-12-16,MSFT,2025-12-16,0.738575814807318,40.0,80.0,3783740.0,0.7927790490719553,3933,3118,0.75338097942426,0.5236018932191051,0.4208644799081353,0.22977908620515486
MSFT|2026-01-13,MSFT,2026-01-13,0.5353720300237851,80.0,80.0,4669050.0,0.8228699551569507,4014,3303,0.6025405416045122,-0.2531310925155064,-0.10724205471285508,0.8556716341200186
MSFT|2026-02-09,MSFT,2026-02-09,0.48851382473685123,80.0,80.0,3313960.0,0.8242667928098392,4228,3485,0.6267188412827867,0.8110523024486533,0.4850777924244515,-0.18433346116586669
MSFT|2026-03-06,MSFT,2026-03-06,0.9699085861155657,80.0,80.0,3285399.9999999995,0.817697475098448,4317,3530,0.9567861651050783,-0.04442374133367738,-0.00009437411347518708,1.0012099064387556
MSFT|2026-04-01,MSFT,2026-04-01,0.6767823062035405,80.0,80.0,2976000.0,0.8067632850241546,4140,3340,0.7760104044402316,-0.019650242482416064,-0.000029327691594592195,0.7956606469226477
MSFT|2026-04-28,MSFT,2026-04-28,0.6989585517579072,80.0,80.0,4264375.0,0.8047244094488188,3810,3066,0.713827588804955,0.626072448995802,0.5859466561401884,0.08775513980915306
MSFT|2026-05-22,MSFT,2026-05-22,0.8369701679917879,80.0,80.0,3358960.0,0.7602604019247099,3533,2686,0.9311121910836526,-0.24176080212809017,-0.11957717025523384,1.1728729932117428
MSFT|2026-06-18,MSFT,2026-06-18,0.7989134776703986,120.0,80.0,3795050.0,0.7892510574769843,4019,3172,0.8913882554021104,0.549192499041175,0.13226636754813173,0.34219575636093547
NVDA|2024-12-12,NVDA,2024-12-12,0.3650567663268318,4.0,3.0,61805.25,0.8611718408395278,4574,3939,0.48943390185810787,-0.05164442896961452,0.36167673333541556,0.5410783308277224
NVDA|2025-01-10,NVDA,2025-01-10,0.7330303474567597,4.0,4.0,67690.0,0.8738836854715748,4591,4012,0.6258157034115829,-0.13136749412013277,0.3668244031353145,0.7571831975317156
NVDA|2025-02-06,NVDA,2025-02-06,0.39192631785244436,5.0,6.0,70474.25,0.855836236933798,4592,3930,0.4514122306501706,-0.037535241477666376,0.7798943246148199,0.48894747212783696
NVDA|2025-03-05,NVDA,2025-03-05,0.8492569002127487,2.0,3.0,34488.0,0.9010008703220191,4596,4141,0.6810975052658982,-0.4134621961801096,0.8586454871419794,1.0945597014460078
NVDA|2025-03-31,NVDA,2025-03-31,0.47328316531805176,5.0,5.0,52927.49999999999,0.8737483674357858,4594,4014,0.5129558632391836,0.22174502829611226,0.9299081901651014,0.2912108349430714
NVDA|2025-04-25,NVDA,2025-04-25,0.45697573458872714,5.0,5.0,60689.75,0.8604094076655052,4592,3951,0.5251833405724975,0.1642343358862526,0.901042957679377,0.3609490046862449
NVDA|2025-05-21,NVDA,2025-05-21,0.372925601343253,5.0,4.0,66647.50000000001,0.8874128919860628,4592,4075,0.3789164162285519,-0.9338276485613941,-0.7290356673408586,1.312744064789946
NVDA|2025-06-17,NVDA,2025-06-17,0.34593697028369963,5.0,5.0,79389.75,0.8632497273718648,4585,3958,0.3487514159124891,-0.3618003685291889,-0.00001202332394510333,0.710551784441678
NVDA|2025-07-15,NVDA,2025-07-15,0.292594434853583,4.0,4.0,77177.25,0.8743740474635314,4593,4016,0.302817435325871,-0.3745402594727327,-8.642130719986e-6,0.6773576947986037
NVDA|2025-08-08,NVDA,2025-08-08,0.27389006052945425,4.0,4.0,82185.75,0.8629718524983635,4583,3955,0.28727168015521437,0.06477614619638405,-7.491927632338443e-6,0.22249553395883032
NVDA|2025-09-04,NVDA,2025-09-04,0.29293728212763,5.0,5.0,85251.25,0.862144420131291,4570,3940,0.31292269654132926,-0.16838453474873974,0.5844449985408366,0.481307231290069
NVDA|2025-09-30,NVDA,2025-09-30,0.2687666299349828,4.0,4.0,74434.0,0.8856956237753103,4593,4068,0.2935206872096963,0.10682128910981643,-7.23151666318962e-6,0.1866993980998799
NVDA|2025-10-24,NVDA,2025-10-24,0.2699273895327375,4.0,3.0,74046.0,0.8480035296712993,4533,3844,0.2954385513195828,-0.10585297733578974,-7.28627470421376e-6,0.40129152865537254
NVDA|2025-11-19,NVDA,2025-11-19,0.27064331916942014,200.0,200.0,3741300.0,0.9114447345517842,4596,4189,0.3686118008691364,-0.026147259629256403,-7.3392736357172535e-6,0.3947590604983928
NVDA|2025-12-16,NVDA,2025-12-16,0.28353511582383695,300.0,300.0,5287050.0,0.8936587491828285,4589,4101,0.4055425049840068,0.09690364649940689,-7.9481360363865e-6,0.30863885848459993
NVDA|2026-01-13,NVDA,2026-01-13,0.27071658680502736,400.0,400.0,7371600.000000001,0.8727868852459016,4575,3993,0.3321023157471846,-0.11016704110993063,-7.355205844340393e-6,0.4422693568571152
NVDA|2026-02-09,NVDA,2026-02-09,0.2616362732534294,300.0,300.0,5742375.0,0.8923953539338155,4563,4072,0.32113362477571283,0.08700633460421035,-0.5211794291359546,0.23412729017150247
NVDA|2026-03-06,NVDA,2026-03-06,0.27681660899628807,400.0,300.0,7235400.0,0.9036118363794604,4596,4153,0.3487920360453303,-0.6670169740863344,-1.1024218828117056,1.0158090101316648
NVDA|2026-04-01,NVDA,2026-04-01,0.283760392724932,400.0,400.0,7963875.0,0.8896641953772351,4586,4080,0.30441729082080005,-0.27555866780624966,-0.2838612127035518,0.5799759586270496
NVDA|2026-04-28,NVDA,2026-04-28,0.4709428275403082,300.0,300.0,8415800.0,0.8704674530362604,4578,3985,0.45158842133664046,0.10253605306465828,0.23822001892861489,0.34905236827198216
NVDA|2026-05-22,NVDA,2026-05-22,0.4613610149938133,300.0,300.0,7611275.0,0.8827782646801051,4564,4029,0.48783867081006843,-0.6835090596773618,-0.458931378105321,1.1713477304874302
ORCL|2024-12-12,ORCL,2024-12-12,1.982609680799648,3.0,5.0,70070.0,0.7003018542475204,2319,1624,2.137718459424122,1.2676247577608113,0.2840621824299153,0.8700937016633106
ORCL|2025-01-10,ORCL,2025-01-10,2.8934254942936324,2.0,2.0,69761.25,0.6739526411657559,2745,1850,2.962517988677999,0.29510196922092696,-0.0014938408689102347,2.667416019457072
ORCL|2025-02-06,ORCL,2025-02-06,2.5891084836455627,2.0,2.0,34514.0,0.6325071496663489,2098,1327,2.6352310829012158,0.7883709277463734,1.4402912875677842,1.8468601551548423
ORCL|2025-03-05,ORCL,2025-03-05,3.7809565820153934,1.0,2.0,24334.500000000004,0.6088666428316053,2797,1703,4.03103863583587,2.6890062226432176,3.0854193523843447,1.3420324131926522
ORCL|2025-03-31,ORCL,2025-03-31,1.8039470361154297,1.0,1.0,20791.125000000004,0.7291797119599248,3194,2329,2.199304381673187,1.5939459270008798,1.4470209475205427,0.6053584546723072
ORCL|2025-04-25,ORCL,2025-04-25,2.9099374363455737,1.0,1.0,20720.999999999996,0.6251256281407035,1990,1244,3.296239043287281,3.2395554736615475,3.638096742889156,0.05668356962573329
ORCL|2025-05-21,ORCL,2025-05-21,2.532286654849725,1.0,2.0,24061.875,0.6789652247667515,2358,1601,2.6381963696313733,1.677012970287309,1.5696024550516035,0.9611833993440644
ORCL|2025-06-17,ORCL,2025-06-17,1.897623226908594,2.0,2.0,41904.0,0.7729430379746836,2528,1954,1.9911708964369494,-0.45396693951903944,-0.24066515734811733,2.4451378359559888
ORCL|2025-07-15,ORCL,2025-07-15,2.1513704229593027,2.0,1.0,46301.0,0.6206896551724138,1885,1170,2.2942063112772644,1.4908226371009912,2.351443616008155,0.8033836741762732
ORCL|2025-08-08,ORCL,2025-08-08,2.203437363169,1.0,2.0,49612.0,0.6886387995712755,1866,1285,2.2099877463228035,1.9527357934326743,1.400908592147746,0.25725195289012914
ORCL|2025-09-04,ORCL,2025-09-04,2.2458788123791567,1.0,1.0,33366.0,0.6746370623398804,2342,1580,2.3712953765973097,1.7163381369999966,1.5756529716548098,0.6549572395973131
ORCL|2025-09-30,ORCL,2025-09-30,2.168413444163436,1.0,1.0,41929.49999999999,0.7292296072507553,2648,1931,2.360946565139013,0.446088292326271,0.9054231040851631,1.9148582728127421
ORCL|2025-10-24,ORCL,2025-10-24,2.292971161478004,1.0,2.0,56894.00000000001,0.7093345656192237,2164,1535,2.594266316470974,0.7272159299218535,1.5858846666081847,1.8670503865491206
ORCL|2025-11-19,ORCL,2025-11-19,2.450707363261339,80.0,80.0,1792600.0,0.7565957446808511,3525,2667,2.5336762317731356,1.4484123284150567,1.5455170572608148,1.0852639033580789
ORCL|2025-12-16,ORCL,2025-12-16,1.86447901261598,80.0,80.0,1888875.0,0.7729918509895227,3436,2656,1.9670103949986968,0.460535094252636,0.5320136058256495,1.5064753007460607
ORCL|2026-01-13,ORCL,2026-01-13,1.4856633486852442,80.0,80.0,1621800.0,0.78330550918197,2995,2346,1.7461059347266725,-0.44641499056961703,0.4952670659869882,2.1925209252962894
ORCL|2026-02-09,ORCL,2026-02-09,1.5994369981770054,80.0,80.0,1574400.0,0.7810067462376752,3854,3010,1.8748405051896218,0.41032930904153603,-0.0003646045111019411,1.4645111961480857
ORCL|2026-03-06,ORCL,2026-03-06,1.888693024427168,80.0,80.0,1256639.9999999998,0.8152679226816736,4087,3332,1.9741630678248747,-0.28440837061984886,0.6332920631715456,2.2585714384447235
ORCL|2026-04-01,ORCL,2026-04-01,1.0257462303826421,80.0,80.0,1463400.0,0.8411354581673307,4016,3378,1.1324702801813704,-0.4665959248749214,-0.00004744456443805923,1.5990662050562918
ORCL|2026-04-28,ORCL,2026-04-28,1.2014176728545822,80.0,80.0,1335960.0,0.8086239020495076,3757,3038,1.3736222033040477,0.009192089999725695,-0.5998440362330563,1.364430113304322
ORCL|2026-05-22,ORCL,2026-05-22,3.1199625604493932,100.0,100.0,2905425.0,0.6442507264425072,2409,1552,3.2646434154394846,1.241142834548035,1.29439075849974,2.0235005808914495
ORCL|2026-06-18,ORCL,2026-06-18,2.6618398637136482,100.0,100.0,2768100.0000000005,0.7055492638731596,3532,2492,2.751598265581861,2.9260490236536105,1.5982169819973029,-0.1744507580717496
PLTR|2024-12-12,PLTR,2024-12-12,0.6903693476013196,4.0,4.0,36122.5,0.841947392708814,4334,3649,1.0610372506025298,-0.9266211599913771,-0.6815238810838514,1.987658410593907
PLTR|2025-01-10,PLTR,2025-01-10,1.4845605700720184,3.0,3.0,26860.000000000004,0.8477134489749943,4439,3763,1.2947877192156676,-0.007128592685242703,1.4867125090214262,1.3019163119009103
PLTR|2025-02-06,PLTR,2025-02-06,1.370927203765532,4.0,3.0,52546.25,0.8236994219653179,4498,3705,1.2187046033503202,2.043560130657719,1.7957955942435735,-0.824855527307399
PLTR|2025-03-05,PLTR,2025-03-05,1.743476492125364,2.0,2.0,17867.0,0.8488017429193899,4590,3896,1.9169034608542612,0.9639719420583779,1.7050038643643344,0.9529315187958833
PLTR|2025-03-31,PLTR,2025-03-31,1.2000480019206907,3.0,3.0,24249.75,0.8678750818956104,4579,3974,1.2392895292961865,1.067658777100714,1.199238490838708,0.17163075219547252
PLTR|2025-04-25,PLTR,2025-04-25,0.9161704076956492,2.0,2.0,27577.5,0.8438120450033091,4533,3825,1.0443079466647116,0.9952228976919231,1.3763151249781904,0.049085048972788536
PLTR|2025-05-21,PLTR,2025-05-21,0.8176614881437456,2.0,2.0,30047.5,0.8921719955898567,4535,4046,0.957802253467981,-1.211726312310368,-0.7907951358663012,2.169528565778349
PLTR|2025-06-17,PLTR,2025-06-17,0.7337295472892446,2.0,2.0,27800.5,0.8600135470760895,4429,3809,0.9177925189097501,-0.630161481188163,-0.36306860463392354,1.547954000097913
PLTR|2025-07-15,PLTR,2025-07-15,1.0005002501251004,2.0,2.0,29849.0,0.8372620126926564,4412,3694,0.8774172701683003,-0.14968753899467607,-0.0001013774069430636,1.0271048091629764
PLTR|2025-08-08,PLTR,2025-08-08,1.066894270777554,2.0,2.0,37425.0,0.826046511627907,4300,3552,0.9468453288037547,-0.03205516544987621,-0.2674582682543283,0.9789004942536309
PLTR|2025-09-04,PLTR,2025-09-04,0.9672738997259758,2.0,2.0,31029.999999999996,0.8401722965313988,4411,3706,0.9561207917071287,0.015086582179173597,-0.000025628143505824715,0.9410342095279551
PLTR|2025-09-30,PLTR,2025-09-30,0.828706389326293,2.0,2.0,36070.00000000001,0.8407415680142953,4477,3764,0.7876273808173653,0.2945321523984982,0.8260329177309944,0.49309522841886705
PLTR|2025-10-24,PLTR,2025-10-24,0.813780008137831,2.0,2.0,36986.0,0.831799591002045,3912,3254,0.9727416874063098,0.2871423119836168,-0.000029265848113714673,0.685599375422693
PLTR|2025-11-19,PLTR,2025-11-19,1.7907240494240517,200.0,200.0,3283200.0,0.8498778592049745,4503,3827,1.7059884867747435,0.23855395123739315,-0.00045613924063120197,1.4674345355373504
PLTR|2025-12-16,PLTR,2025-12-16,1.356447193511065,200.0,200.0,3734250.0,0.8167020523708421,4239,3462,1.444998459754781,0.9856759927470582,1.0686829171490015,0.4593224670077227
PLTR|2026-01-13,PLTR,2026-01-13,1.4013060172083565,100.0,100.0,2683987.5,0.7967032967032966,3822,3045,1.4506033295902538,0.30472823627098417,0.2817298090210617,1.1458750933192696
PLTR|2026-02-09,PLTR,2026-02-09,1.037165082107959,100.0,100.0,2165999.9999999995,0.8430034129692833,4395,3705,1.0376574807074912,1.0260577526997512,0.6937218175505312,0.011599728007740007
PLTR|2026-03-06,PLTR,2026-03-06,0.9622478108862668,100.0,100.0,2370750.0,0.859514966135023,4577,3934,1.1047936093452393,0.8993670129588518,1.1136021537835274,0.2054265963863875
PLTR|2026-04-01,PLTR,2026-04-01,1.0151253679829846,200.0,100.0,3663312.5,0.8543046357615894,4530,3870,0.9069537782569792,0.0428349202958171,0.6768132262397373,0.8641188579611621
PLTR|2026-04-28,PLTR,2026-04-28,1.0529640939244371,100.0,100.0,2124375.0,0.8472837491256703,4289,3634,0.9963733686711207,0.2779083551467462,0.3524849825418072,0.7184650135243744
PLTR|2026-05-22,PLTR,2026-05-22,1.1061539028797291,200.0,300.0,3392125.0,0.7796442687747036,4048,3156,1.3189830478394118,0.4029021819207548,0.7295409336963183,0.916080865918657
PLTR|2026-06-18,PLTR,2026-06-18,1.1802195208309194,300.0,300.0,3870599.9999999995,0.8107546734364182,4333,3513,1.3505059020759298,0.1714692971590861,0.39036574058962215,1.1790366049168437
QQQ|2024-12-12,QQQ,2024-12-12,0.18960580952183131,6.0,8.0,317058.00000000006,0.8595113438045375,4584,3940,0.2090927371538988,-0.05811057461212664,-3.5805612365868435e-6,0.26720331176602546
QQQ|2025-01-10,QQQ,2025-01-10,0.29601855049612275,5.0,5.0,253890.0,0.8840043525571273,4595,4062,0.3185104148206723,-0.30539339883169087,0.09900943847775276,0.6239038136523631
QQQ|2025-02-06,QQQ,2025-02-06,0.18962378640759453,4.0,4.0,264165.0,0.8393285371702638,4587,3850,0.2079219257539771,0.019600202317188446,0.28374921071205944,0.18832172343678866
QQQ|2025-03-05,QQQ,2025-03-05,0.3031190954929177,2.0,2.0,99494.0,0.8899042645778938,4596,4090,0.3328073772749758,-0.011490902891182625,0.39819966240529897,0.3442982801661584
QQQ|2025-03-31,QQQ,2025-03-31,0.21721186845629492,2.0,2.0,116066.25,0.8909921671018277,4596,4095,0.2586133066964192,0.3673012620400445,0.5381447783001225,-0.1086879553436253
QQQ|2025-04-25,QQQ,2025-04-25,0.3175644920559078,2.0,2.0,163794.75,0.8798955613577023,4596,4044,0.268140330727922,0.07351135840905697,0.5300990226411307,0.194628972318865
QQQ|2025-05-21,QQQ,2025-05-21,0.09722235725318555,2.0,2.0,154707.00000000003,0.9083986074847694,4596,4175,0.1363315238276339,-0.47217800265720405,-0.28704929272832064,0.6085095264848379
QQQ|2025-06-17,QQQ,2025-06-17,0.09440463715569124,3.0,2.0,133215.0,0.8996953872932986,4596,4135,0.12253296968067204,-0.3186676631613918,-0.18783311026891866,0.4412006328420638
QQQ|2025-07-15,QQQ,2025-07-15,0.08945744062254243,4.0,4.0,279617.5,0.9055495103373232,4595,4161,0.0904392836382993,-0.23911756040140822,-8.017329742903204e-7,0.32955684403970753
QQQ|2025-08-08,QQQ,2025-08-08,0.08713002413493745,4.0,3.0,315389.24999999994,0.8829044919319669,4586,4049,0.08738748539072776,0.05493498476952804,-7.577439674325199e-7,0.03245250062119972
QQQ|2025-09-04,QQQ,2025-09-04,0.08734845044507425,6.0,6.0,428426.25,0.8730400696864111,4592,4009,0.08899441606637969,0.017082717744159617,-7.576384417131994e-7,0.07191169832222007
QQQ|2025-09-30,QQQ,2025-09-30,0.08362952122091495,4.0,3.0,239126.00000000003,0.8942328618063112,4595,4109,0.09248665298429844,-0.04541449535668181,-6.997934351236207e-7,0.13790114834098025
QQQ|2025-10-24,QQQ,2025-10-24,0.0809421668217322,3.0,3.0,309172.5,0.8859630032644178,4595,4071,0.08818724709084519,-0.10124561278433837,-0.16173705597315868,0.18943285987518355
QQQ|2025-11-19,QQQ,2025-11-19,0.16681680178812439,200.0,200.0,15559180.000000002,0.9142732811140122,4596,4202,0.15793097605714798,-0.2660261793471619,-0.24985810746270493,0.4239571554043099
QQQ|2025-12-16,QQQ,2025-12-16,0.16407698492117584,280.0,280.0,21902400.0,0.9033942558746736,4596,4152,0.17376162567403164,-0.23294687040362913,-0.32629088828415276,0.4067084960776608
QQQ|2026-01-13,QQQ,2026-01-13,0.15928385976725043,360.0,320.0,36220855.0,0.8962140992167101,4596,4119,0.12785238641914126,-0.2728587800269672,-0.15967808889106333,0.40071116644610844
QQQ|2026-02-09,QQQ,2026-02-09,0.08129222114820867,360.0,360.0,28256190.0,0.893603133159269,4596,4107,0.087485213534725,0.20545048794517878,0.1623422743366187,-0.11796527441045378
QQQ|2026-03-06,QQQ,2026-03-06,0.08289055959409242,200.0,200.0,13268090.0,0.9212358572671888,4596,4234,0.10447236557912169,-0.38642266965341004,-0.6621053836249327,0.49089503523253175
QQQ|2026-04-01,QQQ,2026-04-01,0.08545912917139602,320.0,360.0,23357800.000000004,0.9088337684943429,4596,4177,0.10384337449808444,-0.15849134276172255,-0.17048336294731026,0.262334717259807
QQQ|2026-04-28,QQQ,2026-04-28,0.1527020630047323,200.0,200.0,18416930.0,0.8735582154515779,4595,4014,0.18000067472063613,-0.09822175639214291,0.0761301550554239,0.27822243111277906
QQQ|2026-05-22,QQQ,2026-05-22,0.13941556993072307,120.0,200.0,17223720.0,0.8864229765013055,4596,4074,0.17704723925034288,-0.15469464901388327,-0.06936736923297415,0.3317418882642261
QQQ|2026-06-18,QQQ,2026-06-18,0.20313642643350016,160.0,120.0,11823840.0,0.8859878154917319,4596,4072,0.23816133484780214,0.16944963976587304,0.13521919010955913,0.06871169508192909
SPY|2024-12-12,SPY,2024-12-12,0.16480709329714563,7.0,6.0,424179.0,0.8549097313958609,4542,3883,0.1347712394249928,-0.1218193565500207,-0.08244974674657018,0.2565905959750135
SPY|2025-01-10,SPY,2025-01-10,0.17212889011276,3.0,4.0,233504.0,0.8929037875489769,4594,4102,0.17956808408614497,-0.4226446744252709,-0.1722567645569941,0.6022127585114159
SPY|2025-02-06,SPY,2025-02-06,0.1651554938973543,4.0,4.0,301600.0,0.8393091386095322,4574,3839,0.14801060150845113,-0.07343817252387662,0.08260093830149591,0.22144877403232777
SPY|2025-03-05,SPY,2025-03-05,0.2592038984273789,2.0,3.0,201222.0,0.88881636205396,4596,4085,0.260530767724034,-0.08384491857577876,0.17358323410689214,0.34437568629981274
SPY|2025-03-31,SPY,2025-03-31,0.18081220844117724,3.0,2.0,167277.0,0.8772578890097933,4595,4031,0.19622066208659186,0.24413140523556645,0.36193117431274935,-0.04791074314897459
SPY|2025-04-25,SPY,2025-04-25,0.27273471094641416,2.0,2.0,164934.0,0.8696315674732941,4587,3989,0.24305841581518767,-0.0608478091627158,0.27307896533892223,0.3039062249779035
SPY|2025-05-21,SPY,2025-05-21,0.08536137739110794,3.0,3.0,177700.5,0.9116623150565709,4596,4190,0.11739330705449331,-0.4806131592541609,-0.33800127174703054,0.5980064663086543
SPY|2025-06-17,SPY,2025-06-17,0.08357081372893727,4.0,4.0,210337.75,0.8946681175190424,4595,4111,0.10321022771934484,-0.261365644928503,-0.16643435204146764,0.36457587264784785
SPY|2025-07-15,SPY,2025-07-15,0.08007495015327071,5.0,5.0,343285.25,0.8933855526544822,4596,4106,0.08052938478052005,-0.314367208219972,-6.431604573125713e-7,0.39489659300049207
SPY|2025-08-08,SPY,2025-08-08,0.07853177002838604,6.0,6.0,382107.0,0.8840200566819272,4587,4055,0.07858479158437712,0.0408067025559706,-6.159545354879846e-7,0.037778089028406514
SPY|2025-09-04,SPY,2025-09-04,0.07735567365181364,6.0,6.0,419604.25,0.8537117903930131,4580,3910,0.07937103291109285,0.0698122271853315,0.15428229803698418,0.009558805725761343
SPY|2025-09-30,SPY,2025-09-30,0.07541307511889554,7.0,7.0,432331.25,0.87791077257889,4595,4034,0.07599944106719059,-0.01175533791845738,-5.693098079093351e-7,0.08775477898564797
SPY|2025-10-24,SPY,2025-10-24,0.07374903204388734,4.0,4.0,304859.25,0.8793103448275862,4582,4029,0.0770647374467163,-0.08986436981982823,-0.14744315144377507,0.16692910726654453
SPY|2025-11-19,SPY,2025-11-19,0.07559093211171512,320.0,280.0,21213920.0,0.9136205395996518,4596,4199,0.09821790108665783,-0.2584318119420246,-0.3011645657244987,0.3566497130286824
SPY|2025-12-16,SPY,2025-12-16,0.07377079414253185,320.0,320.0,22972610.0,0.9107919930374239,4596,4186,0.08078408444727042,-0.3329353847216693,-0.33192139729082404,0.4137194691689397
SPY|2026-01-13,SPY,2026-01-13,0.07212457356339322,440.0,480.0,33285840.000000004,0.8933855526544822,4596,4106,0.07206951645302043,-0.2562010951343205,-0.1445206792855358,0.32827061158734094
SPY|2026-02-09,SPY,2026-02-09,0.07196678013422456,440.0,440.0,33354960.0,0.8844647519582245,4596,4065,0.0722831204682889,0.07660532328929116,-5.167644919665509e-7,-0.004322202821002263
SPY|2026-03-06,SPY,2026-03-06,0.14815034296790924,240.0,240.0,17568135.0,0.918189730200174,4596,4220,0.125259252940028,-0.2069594306428045,-0.37046724099333295,0.33221868358283246
SPY|2026-04-01,SPY,2026-04-01,0.07620150726574441,280.0,280.0,21042400.0,0.9040469973890339,4596,4155,0.09274488327290055,-0.15142346735265264,-0.15222148225166218,0.2441683506255532
SPY|2026-04-28,SPY,2026-04-28,0.14064895427489704,280.0,240.0,21341100.0,0.8622193154567255,4587,3955,0.13814948939502952,-0.05804720384085818,-1.973740869873374e-6,0.1961966932358877
SPY|2026-05-22,SPY,2026-05-22,0.13380611493933103,160.0,160.0,13431600.0,0.8806360270093662,4591,4043,0.1279954246623607,-0.10370088827341452,-0.06690977185021812,0.2316963129357752
TSLA|2024-12-12,TSLA,2024-12-12,1.307951153969794,2.0,2.0,188930.25,0.8031618793141839,4491,3607,1.3555121534630659,-0.8042155650836312,-0.5898854560408925,2.159727718546697
TSLA|2025-01-10,TSLA,2025-01-10,1.8017554245706204,1.0,1.0,59344.125,0.7862100879222582,4322,3398,1.9573477093943021,0.17748568857337088,0.7576450128539223,1.7798620208209313
TSLA|2025-02-06,TSLA,2025-02-06,1.233552631810727,1.0,2.0,73858.0,0.8038190497840418,4399,3536,1.3093363371044153,-0.15415624957016733,0.41002884921131033,1.4634925866745827
TSLA|2025-03-05,TSLA,2025-03-05,2.342173537802568,1.0,1.0,54090.0,0.817199558985667,4535,3706,2.3795848004489577,0.475298591505373,1.108272603581468,1.9042862089435846
TSLA|2025-03-31,TSLA,2025-03-31,1.5938795027098445,1.0,1.0,38702.625,0.8388583973655324,4555,3821,1.6953697602759161,1.4808433243983987,0.988587744082214,0.2145264358775174
TSLA|2025-04-25,TSLA,2025-04-25,1.2335236487934382,2.0,2.0,55573.5,0.8350109409190372,4570,3816,1.297129690419498,1.4328093370763986,0.7033554746863269,-0.13567964665690058
TSLA|2025-05-21,TSLA,2025-05-21,1.1829769615242796,1.0,1.0,51742.50000000001,0.8385382059800665,4515,3786,1.2313623824570095,-0.9509213305430573,-0.4342057551839126,2.182283713000067
TSLA|2025-06-17,TSLA,2025-06-17,1.0967145565355285,1.0,1.0,48267.74999999999,0.8387677085675737,4447,3730,1.1163664801726243,-0.5453995929099618,-0.47028202880530623,1.661766073082586
TSLA|2025-07-15,TSLA,2025-07-15,0.7964192988326305,1.0,1.0,47189.25000000001,0.83915770609319,4464,3746,0.8465790391409528,-0.7475778623138686,-0.16038361821174052,1.5941569014548214
TSLA|2025-08-08,TSLA,2025-08-08,0.7582765889687645,1.0,1.0,50016.75000000001,0.8500893655049151,4476,3805,0.8235788862558457,0.19539235326002097,-0.3024345918807573,0.6281865329958247
TSLA|2025-09-04,TSLA,2025-09-04,0.5992688919512738,1.0,1.0,50231.25,0.8265398550724637,4416,3650,0.7168714154726423,-0.0010714940852039321,0.29910790605411886,0.7179429095578462
TSLA|2025-09-30,TSLA,2025-09-30,0.6850566313482175,1.0,1.0,65667.75,0.8578970523537176,4546,3900,0.7345866119597942,0.3461025273359666,0.5744572547111144,0.38848408462382766
TSLA|2025-10-24,TSLA,2025-10-24,0.9242357725453926,1.0,1.0,65330.99999999999,0.8579443447037702,4456,3823,1.0360242763492438,-0.3164022044578012,-0.00004749579908636483,1.352426480807045
TSLA|2025-11-19,TSLA,2025-11-19,1.120029867462821,80.0,40.0,3214840.0,0.8539153323097171,4559,3893,1.1640010002053445,-0.10501248625697242,0.2463660251753551,1.2690134864623168
TSLA|2025-12-16,TSLA,2025-12-16,0.7319496000417545,80.0,80.0,3834240.0,0.8597681032596806,4571,3930,0.7715476202526901,0.8826598681620907,0.9310344899337724,-0.11111224790940066
TSLA|2026-01-13,TSLA,2026-01-13,0.6686577809477363,80.0,80.0,4476500.0,0.8372820742065266,4474,3746,0.7007209755132031,-0.35625860148043803,-0.22229940663999812,1.0569795769936412
TSLA|2026-02-09,TSLA,2026-02-09,0.5956848588817152,80.0,80.0,3362319.9999999995,0.8434389140271493,4420,3728,0.668371995833472,0.4413456207336321,0.12052306177927663,0.22702637509983986
TSLA|2026-03-06,TSLA,2026-03-06,0.5029611840504057,80.0,80.0,3966150.0,0.8887437404746353,4593,4082,0.5580434828074156,0.08858802395084352,0.12539891151918586,0.469455458856572
TSLA|2026-04-01,TSLA,2026-04-01,0.5238070294898594,160.0,80.0,7633850.0,0.8715034965034965,4576,3988,0.4790645778820407,0.13859964593566204,-0.13119656646007888,0.34046493194637867
TSLA|2026-04-28,TSLA,2026-04-28,0.6652917304239422,80.0,80.0,3748850.0,0.8523714094856379,4491,3828,0.7842091848677638,0.10392028055051797,0.26508937409519906,0.6802889043172459
TSLA|2026-05-22,TSLA,2026-05-22,0.8199889887192143,80.0,80.0,5125560.0,0.8228275551553355,4442,3655,0.9015754666732588,-0.2986575646915948,-0.5932532957420694,1.2002330313648537
TSLA|2026-06-18,TSLA,2026-06-18,1.0288065843619354,80.0,80.0,3926525.0,0.8122962272938985,4294,3488,1.1272551366349257,0.9530119167313025,1.4248375249453853,0.17424321990362324
